품목일련번호,품목명,업소일련번호,업소명,성상,큰제품이미지,표시앞,표시뒤,의약품제형,색상앞,색상뒤,분할선앞,분할선뒤,크기장축,크기단축,크기두께,이미지생성일자(약학정보원),분류번호,분류명,전문일반구분,품목허가일자,제형코드명,표기내용앞,표기내용뒤,표기이미지앞,표기이미지뒤,표기코드앞,표기코드뒤,변경일자,Unnamed: 29
200904630,원스에어정10밀리그램(몬테루카스트나트륨),20161453,국제약품(주),연노랑의양면이볼록한사각형의필름코팅정제,https://nedrug.mfds.go.kr/pbp/cmn/itemImageDownload/151732689962500007,PHD471,MOK10,사각형,주황,-,-,-,8.17,8.17,3.8,20120104,01490,기타의알레르기용약,전문의약품,20090629,필름코팅정,-,-,-,-,-,-,20170629,
200904422,아스몬정10밀리그램(몬테루카스트나트륨),20161897,신일제약(주),연노랑의양면이볼록한사각형의필름코팅정제,https://nedrug.mfds.go.kr/pbp/cmn/itemImageDownload/151732699404500028,PHD471,MOK10,사각형,주황,-,-,-,8.03,8.03,3.71,20111223,01490,기타의알레르기용약,전문의약품,20090624,필름코팅정,-,-,-,-,-,-,20170629,
201001684,라모스탈정50밀리그램(라모트리진),19690005,명인제약(주),엷은황갈색의사각형정제,https://nedrug.mfds.go.kr/pbp/cmn/itemImageDownload/151706776344700109,M분할선I,50,사각형,노랑,-,-,-,7.4,7.4,2.6,20100414,01130,항전간제,전문의약품,20100225,나정,-,-,-,-,-,-,20210707,
200908024,뉴키센비타츄어블정,19680005,삼익제약(주),흰색의씹어먹는사각정제,https://nedrug.mfds.go.kr/pbp/cmn/itemImageDownload/1MnfO1MV_6G,마크7,마크,사각형,분홍,-,-,-,15,15,4,20100106,03160,혼합비타민제(비타민AD혼합제제를제외),일반의약품,20091112,추어블정(저작정),111|III|三|≡|삼,바람|물결|나뭇잎,https://nedrug.mfds.go.kr/pbp/cmn/itemImageDownload/147938661567700130,https://nedrug.mfds.go.kr/pbp/cmn/itemImageDownload/147938657883200039,r0440,r0341,-,
200908169,몬테칸정10밀리그램(몬테루카스트나트륨),19860002,제일약품(주),모서리가둥근사각형모양의베이지색필름코팅정,https://nedrug.mfds.go.kr/pbp/cmn/itemImageDownload/1O0bxj5FwmM,JI,M,사각형,주황,-,-,-,8.1,8.1,3.7,20111220,01490,기타의알레르기용약,전문의약품,20091119,필름코팅정,-,-,-,-,-,-,20220204,
201004900,몬테루칸정10밀리그램(몬테루카스트나트륨),19540006,일동제약(주),모서리가둥근사각형모양의베이지색필름코팅정,https://nedrug.mfds.go.kr/pbp/cmn/itemImageDownload/147426508636700060,IDPm,-,사각형,분홍,-,-,-,8,8,4.2,20110823,01490,기타의알레르기용약,전문의약품,20100809,필름코팅정,-,-,-,-,-,-,20170629,
201101026,루케어정10밀리그램(몬테루카스트나트륨),20161498,에이치케이이노엔(주),모서리가둥근사각형모양의베이지색필름코팅정제,https://nedrug.mfds.go.kr/pbp/cmn/itemImageDownload/154298763309300099,117,-,사각형,주황,-,-,-,8,8,3.16,20110613,01490,기타의알레르기용약,전문의약품,20110228,필름코팅정,-,-,-,-,-,-,-,
201105916,몬테잘정10밀리그램(몬테루카스트나트륨),19570027,한미약품(주),모서리가둥근사각형모양의베이지색필름코팅정제,https://nedrug.mfds.go.kr/pbp/cmn/itemImageDownload/154298769573400005,HM,10,사각형,주황,-,-,-,8.2,8.2,3.8,20110929,01490,기타의알레르기용약,전문의약품,20110831,필름코팅정,-,-,-,-,-,-,20170629,
201105920,몬테루브이정10mg(몬테루카스트나트륨),19720016,(주)엘지화학,모서리가둥근사각형모양의베이지색필름코팅정제,https://nedrug.mfds.go.kr/pbp/cmn/itemImageDownload/154298775798300083,PV,MT10,사각형,주황,-,-,-,10.0,7.9,3.6,20120322,01490,기타의알레르기용약,전문의약품,20110831,필름코팅정,-,-,-,-,-,-,-,
201106063,삼스카정30밀리그램(톨밥탄분무건조분말),19830009,한국오츠카제약(주),파란색의사각정제(각인:SAMSCA|30),https://nedrug.mfds.go.kr/pbp/cmn/itemImageDownload/153080028832600080,SAMSCA30,-,사각형,파랑,-,-,-,7.4,7.4,3,20120725,02190,기타의순환계용약,전문의약품,20110901,나정,-,-,-,-,-,-,20220318,
201106770,시어스시호엑스정,20150845,(주)시어스제약,담갈색의정제,https://nedrug.mfds.go.kr/pbp/cmn/itemImageDownload/1Mp3yEn24t8,柴胡,HAMSOA,사각형,노랑,-,-,-,14,14,5,20120828,07190,기타의조제용약,일반의약품,20110920,나정,-,-,-,-,-,-,20210209,
201110541,엠빅스에스구강붕해필름50밀리그램(미로데나필),19570024,에스케이케미칼(주),흰색반투명의사각형구강붕해필름,https://nedrug.mfds.go.kr/pbp/cmn/itemImageDownload/151922765025100071,-,-,사각형,하양,-,-,-,25,21,0.2,20111220,02590,기타의비뇨생식기관및항문용약,전문의약품,20111201,구강붕해정,-,-,-,-,-,-,20160407,
201107308,쿨스트립필름형트로키,20110276,(주)씨엘팜,청색의직사각형경구필름제,https://nedrug.mfds.go.kr/pbp/cmn/itemImageDownload/147426575880200154,-,-,사각형,파랑,-,-,-,31,22,0.5,20120605,02310,치과구강용약,일반의약품,20110929,트로키제,-,-,-,-,-,-,20171130,
201107620,몬테프리오디에프5밀리그램(몬테루카스트나트륨),19570024,에스케이케미칼(주),흰색반투명의사각형구강붕해필름,https://nedrug.mfds.go.kr/pbp/cmn/itemImageDownload/147426575880200171,-,-,사각형,하양|투명,-,-,-,25,25,0.215,20111220,01490,기타의알레르기용약,전문의약품,20110930,구강붕해필름,-,-,-,-,-,-,-,
201107621,몬테프리오디에프4밀리그램(몬테루카스트나트륨),19570024,에스케이케미칼(주),흰색반투명의사각형구강붕해필름,https://nedrug.mfds.go.kr/pbp/cmn/itemImageDownload/147426575880200174,-,-,사각형,하양|투명,-,-,-,25,25,0.200,20111220,01490,기타의알레르기용약,전문의약품,20110930,구강붕해정,-,-,-,-,-,-,-,
201107622,몬테프리오디에프10밀리그램(몬테루카스트나트륨),19570024,에스케이케미칼(주),흰색반투명의사각형구강붕해필름,https://nedrug.mfds.go.kr/pbp/cmn/itemImageDownload/147426575880200177,-,-,사각형,하양|투명,-,-,-,37,27,0.215,20111220,01490,기타의알레르기용약,전문의약품,20110930,구강붕해정,-,-,-,-,-,-,-,
201205379,플리즈구강용해필름50밀리그램(실데나필),20040011,(주)씨티씨바이오,파란색또는옅은파란색의직사각형구강용해필름제,https://nedrug.mfds.go.kr/pbp/cmn/itemImageDownload/147426616587000041,-,-,사각형,파랑,-,-,-,37,27,0.1,20120615,02590,기타의비뇨생식기관및항문용약,전문의약품,20120605,구강붕해필름,-,-,-,-,-,-,20210504,
201205380,프리스틴구강용해필름50밀리그램(실데나필),19870002,(주)휴온스,파란색또는옅은파란색의직사각형구강용해필름,https://nedrug.mfds.go.kr/pbp/cmn/itemImageDownload/147426616587000044,-,-,사각형,파랑,-,-,-,37,27,0.1,20120615,02590,기타의비뇨생식기관및항문용약,전문의약품,20120605,구강붕해정,-,-,-,-,-,-,20170909,
201205381,엠슈타인구강용해필름50밀리그램(실데나필),19620002,동국제약(주),파란색또는옅은파란색의직사각형구강용해필름,https://nedrug.mfds.go.kr/pbp/cmn/itemImageDownload/147426616587000047,-,-,사각형,파랑,-,-,-,37,27,0.1,20120615,02590,기타의비뇨생식기관및항문용약,전문의약품,20120605,구강붕해정,-,-,-,-,-,-,20170909,
201205382,포르테라구강용해필름50밀리그램(실데나필),19860002,제일약품(주),파란색또는옅은파란색의직사각형구강용해필름,https://nedrug.mfds.go.kr/pbp/cmn/itemImageDownload/152285640712500148,-,-,사각형,파랑,-,-,-,37,27,0.1,20120615,02590,기타의비뇨생식기관및항문용약,전문의약품,20120605,구강붕해정,-,-,-,-,-,-,20170909,
201205383,프리야구강용해필름50밀리그램(실데나필),19580003,알보젠코리아(주),파란색또는옅은파란색의직사각형구강용해필름,https://nedrug.mfds.go.kr/pbp/cmn/itemImageDownload/147426616587000053,-,-,사각형,파랑,-,-,-,37,27,0.1,20120615,02590,기타의비뇨생식기관및항문용약,전문의약품,20120605,구강붕해정,-,-,-,-,-,-,20210305,
201206251,이그니스구강용해필름50밀리그램(실데나필시트르산염),19920004,광동제약(주),(내수용|수출용2)엷은노란색의직사각형구강용해필름(수출용1)엷은청색의직사각형구강붕해필름(수출용3):엷은황색의직사각형구강붕해필름,https://nedrug.mfds.go.kr/pbp/cmn/itemImageDownload/151810441495000039,-,-,사각형,파랑,-,-,-,32,22,0.1,20120808,02590,기타의비뇨생식기관및항문용약,전문의약품,20120725,구강붕해정,-,-,-,-,-,-,20210325,
201200277,리스피돈오디정1밀리그램(리스페리돈),19570027,한미약품(주),흰색의정사각형정제,https://nedrug.mfds.go.kr/pbp/cmn/itemImageDownload/147426597943600000,RS,1,사각형,하양,-,-,-,6.1,6.1,3,20120203,01170,정신신경용제,전문의약품,20120111,구강붕해정,-,-,-,-,-,-,20200811,
201202801,몬테루칸속붕해정10밀리그램(몬테루카스트나트륨),19540006,일동제약(주),흰색내지미황색의모서리가둥근사각형의구강붕해정,https://nedrug.mfds.go.kr/pbp/cmn/itemImageDownload/147426604172000083,IDPm,-,사각형,하양,-,-,-,8,8,4.2,20120426,01490,기타의알레르기용약,전문의약품,20120410,구강붕해정,-,-,-,-,-,-,20170629,
201204602,비아그라엘구강붕해필름100밀리그램(실데나필시트르산염),19680007,(주)서울제약,직사각형의연한분홍색구강붕해필름,https://nedrug.mfds.go.kr/pbp/cmn/itemImageDownload/1Mxwka5v4Yc,-,-,사각형,분홍,-,-,-,32,27,0.230,20120525,02590,기타의비뇨생식기관및항문용약,전문의약품,20120511,구강붕해정,-,-,-,-,-,-,20170909,
201204603,비아그라엘구강붕해필름50밀리그램(실데나필시트르산염),19680007,(주)서울제약,직사각형의연한파란색구강붕해필름,https://nedrug.mfds.go.kr/pbp/cmn/itemImageDownload/1Mxwka5v4Y0,-,-,사각형,파랑,-,-,-,32,22,0.145,20120525,02590,기타의비뇨생식기관및항문용약,전문의약품,20120511,구강붕해정,-,-,-,-,-,-,20170909,
201206933,글로레어정10밀리그램(몬테루카스트나트륨),20020023,(주)한국글로벌제약,베이지색의모서리가둥근사각형필름코팅정제,https://nedrug.mfds.go.kr/pbp/cmn/itemImageDownload/1Nvya89EZE-,KG,-,사각형,분홍,-,-,-,8.1,8.1,3.7,20121128,01490,기타의알레르기용약,전문의약품,20120925,필름코팅정,-,-,-,-,-,-,20220530,
201207010,라메아구강붕해필름0.1mg(라모세트론염산염),19600014,(주)한국파비스제약,적색의반투명한직사각형구강붕해필름,https://nedrug.mfds.go.kr/pbp/cmn/itemImageDownload/146032135556200032,-,-,사각형,빨강,-,-,-,32,22,0.1,20121105,02350,최토제|진토제,전문의약품,20120928,구강붕해정,-,-,-,-,-,-,-,
201207085,뉴마스트정10밀리그램(몬테루카스트나트륨),20161462,한국노바티스(주),베이지색의양면이볼록한사각형모양필름코팅정제,https://nedrug.mfds.go.kr/pbp/cmn/itemImageDownload/1MeM47xF8PT,10,-,사각형,분홍,-,-,-,8.2,7.4,3.6,20130515,01490,기타의알레르기용약,전문의약품,20121007,필름코팅정,-,-,-,-,-,-,20170629,
201207461,싱귤몬정10밀리그램(몬테루카스트나트륨),19620002,동국제약(주),베이지색의모서리가둥근사각형필름코팅정제,https://nedrug.mfds.go.kr/pbp/cmn/itemImageDownload/146031516959000080,마크,M10,사각형,분홍,-,-,-,8,8,3,20121126,01490,기타의알레르기용약,전문의약품,20121029,필름코팅정,dk|cK,-,https://nedrug.mfds.go.kr/pbp/cmn/itemImageDownload/147938644048800119,-,r0103,-,20211210,
201301618,싱귤스타정10밀리그램(몬테루카스트나트륨),19550007,한올바이오파마(주),베이지색의모서리가둥근사각형필름코팅정,https://nedrug.mfds.go.kr/pbp/cmn/itemImageDownload/147426676298300023,마크,MTK,사각형,분홍,-,-,-,7,7,3,20130307,01490,기타의알레르기용약,전문의약품,20130118,필름코팅정,HA|HΛ|I-A|I-Λ|VH,-,https://nedrug.mfds.go.kr/pbp/cmn/itemImageDownload/147938644048800036,-,r0077,-,20170629,
201305828,크리스토정(몬테루카스트나트륨),19570022,(주)파마킹,베이지색의모서리가둥근사각형필름코팅정,https://nedrug.mfds.go.kr/pbp/cmn/itemImageDownload/147426683772100031,PHK,P06,사각형,분홍,-,-,-,8.06,8.06,3.59,20130411,01490,기타의알레르기용약,전문의약품,20130222,필름코팅정,-,-,-,-,-,-,20170629,
201209012,엠빅스에스구강붕해필름100밀리그램(미로데나필),19570024,에스케이케미칼(주),흰색반투명의사각형구강붕해필름,https://nedrug.mfds.go.kr/pbp/cmn/itemImageDownload/152285645249900061,-,-,사각형,하양,-,-,-,35,30,0.2,20130123,02590,기타의비뇨생식기관및항문용약,전문의약품,20121130,구강붕해정,-,-,-,-,-,-,20160407,
201210163,싱귤레스정10밀리그램(몬테루카스트나트륨),19600002,(주)일화,베이지색의모서리가둥근사각형필름코팅정제,https://nedrug.mfds.go.kr/pbp/cmn/itemImageDownload/1Mxwka5v2lR,IH,M10,사각형,분홍,-,-,-,8,8,3.5,20130307,01490,기타의알레르기용약,전문의약품,20121220,필름코팅정,-,-,-,-,-,-,20170629,
201306413,케어벡정200밀리그램(이매티닙메실산염),19640001,에이치케이이노엔(주),진한황색~갈색의정사각형필름코팅정,https://nedrug.mfds.go.kr/pbp/cmn/itemImageDownload/147426697439100005,마크,IM2,사각형,갈색,-,-,-,11.1,8.9,5.1,20130516,04210,항악성종양제,전문의약품,20130322,필름코팅정,CJ,-,https://nedrug.mfds.go.kr/pbp/cmn/itemImageDownload/147938650963600187,-,r0253,-,-,
200209641,라믹탈정25밀리그램|50밀리그램|100밀리그램(라모트리진),20161652,(주)글락소스미스클라인,엷은황갈색의정방형정제,https://nedrug.mfds.go.kr/pbp/cmn/itemImageDownload/1Mxwka5v1j5,GSEE1,50,사각형,노랑,-,-,-,7.4,7.4,2.6,20060203,01130,항전간제,전문의약품,20021230,나정,-,-,-,-,-,-,20211108,
200209641,라믹탈정25밀리그램|50밀리그램|100밀리그램(라모트리진),20161652,(주)글락소스미스클라인,엷은황갈색의정방형정제,https://nedrug.mfds.go.kr/pbp/cmn/itemImageDownload/1Mxwka5v1kH,GSEE5,100,사각형,노랑,-,-,-,9.4,9.4,3.4,20060203,01130,항전간제,전문의약품,20021230,나정,-,-,-,-,-,-,20211108,
200209641,라믹탈정25밀리그램|50밀리그램|100밀리그램(라모트리진),20161652,(주)글락소스미스클라인,엷은황갈색의정방형정제,https://nedrug.mfds.go.kr/pbp/cmn/itemImageDownload/1Mxwka5v1jh,GSEC7,25,사각형,노랑,-,-,-,6.0,6.0,2.1,20060203,01130,항전간제,전문의약품,20021230,나정,-,-,-,-,-,-,20211108,
201307109,루카스정10mg(몬테루카스트나트륨),19600014,(주)한국파비스제약,모서리가둥근사각형모양의베이지색필름코팅정제,https://nedrug.mfds.go.kr/pbp/cmn/itemImageDownload/1NwRO1CfaKT,CV,-,사각형,분홍,-,-,-,8.1,8.1,3.7,20130523,01490,기타의알레르기용약,전문의약품,20130429,필름코팅정,-,-,-,-,-,-,20220511,
200708888,라모스탈정100밀리그램(라모트리진),19690005,명인제약(주),엷은황갈색의사각형정제,https://nedrug.mfds.go.kr/pbp/cmn/itemImageDownload/151611729131800008,마크,100,사각형,노랑,-,-,-,9.5,9.5,3.1,20070828,01130,항전간제,전문의약품,20070731,나정,꽃잎|마름모,-,https://nedrug.mfds.go.kr/pbp/cmn/itemImageDownload/147938640332900082,-,r0027,-,20210707,
199600216,보리움엠정(말레인산돔페리돈),19560001,동광제약(주),백색의사각형정제,https://nedrug.mfds.go.kr/pbp/cmn/itemImageDownload/147427311457100019,M,분할선,사각형,하양,-,-,-,6.1,6.1,2.4,20041223,02390,기타의소화기관용약,전문의약품,19960419,나정,-,-,-,-,-,-,-,
200307840,리스페달퀵릿정1밀리그람(리스페리돈),20160476,(주)한국얀센,옅은분홍색의원형정제,https://nedrug.mfds.go.kr/pbp/cmn/itemImageDownload/147427768615900056,R1,-,사각형,분홍,-,-,-,10.9,10.9,6.0,20041222,01170,정신신경용제,전문의약품,20030130,구강붕해정,-,-,-,-,-,-,-,
200009063,싱귤레어정10밀리그램(몬테루카스트나트륨),2021002671,한국오가논(주),모서리가둥근사각형모양의베이지색필름코팅정제,https://nedrug.mfds.go.kr/pbp/cmn/itemImageDownload/150885967440900004,MSD117,SINGULAIR,사각형,노랑,-,-,-,7,7,3,20041222,01490,기타의알레르기용약,전문의약품,20001129,필름코팅정,-,-,-,-,-,-,20201028,
199803123,구청껌정(수출용),19710016,(주)새한제약,이약은녹색의사각형츄잉껌정제이다,https://nedrug.mfds.go.kr/pbp/cmn/itemImageDownload/147427708320500151,-,-,사각형,연두,-,-,-,17,15,7.0,20080121,02310,치과구강용약,일반의약품,19980112,추어블정(저작정),-,-,-,-,-,-,20141203,
200003973,쿠울메드트로키(세틸피리디늄염화물수화물),19710016,(주)새한제약,이약은입안에서녹여먹는연한청색의사각형트로키제이다.,https://nedrug.mfds.go.kr/pbp/cmn/itemImageDownload/1MaAIzBwRdQ,-,-,사각형,파랑,-,-,-,19,17,6.9,20080121,02310,치과구강용약,일반의약품,20000426,트로키제,-,-,-,-,-,-,-,
198802518,피크니에프껌정(수출용),19710016,(주)새한제약,이약은하늘색의사각형츄잉껌정제이다.,https://nedrug.mfds.go.kr/pbp/cmn/itemImageDownload/147427614925200134,-,-,사각형,청록,-,-,-,17,15,7.0,20080121,02350,최토제|진토제,일반의약품,19881012,껌제,-,-,-,-,-,-,20141203,
200809575,라모티진정50밀리그램(라모트리진),19630001,부광약품(주),엷은황색의모서리가둥근사각형정제,https://nedrug.mfds.go.kr/pbp/cmn/itemImageDownload/147809062320700190,BKLMT,50,사각형,노랑,-,-,-,7.5,7.5,2.5,20090112,01130,항전간제,전문의약품,20080917,나정,-,-,-,-,-,-,20210707,
200809576,라모티진정25밀리그램(라모트리진),19630001,부광약품(주),엷은황색의모서리가둥근사각형정제,https://nedrug.mfds.go.kr/pbp/cmn/itemImageDownload/147809062320700196,BKLMT,25,사각형,노랑,-,-,-,6,6,2,20090112,01130,항전간제,전문의약품,20080917,나정,-,-,-,-,-,-,20210707,
200302174,니코맨트로키(이주석산니코틴이수화물)(수출명:NicoawayTroche),19710016,(주)새한제약,입안에서녹여먹는주황색의사각형트로키제,https://nedrug.mfds.go.kr/pbp/cmn/itemImageDownload/1MaAIzBwRfo,-,-,사각형,주황,-,-,-,19,19,8.5,20080121,07990,따로분류되지않고치료를주목적으로하지않는의약품,일반의약품,20031117,트로키제,-,-,-,-,-,-,20120522,
200502690,니코맨껌2mg(니코틴)(수출명:NicoawayGum),19710016,(주)새한제약,담갈색의사각형츄잉껌,https://nedrug.mfds.go.kr/pbp/cmn/itemImageDownload/147427801142800071,-,-,사각형,하양,-,-,-,15,15,6.7,20080121,07990,따로분류되지않고치료를주목적으로하지않는의약품,일반의약품,20050823,껌제,-,-,-,-,-,-,20081115,
200810320,모놀레어정10밀리그램(몬테루카스트나트륨),19650001,(주)종근당,연한살구색의모서리가둥근정사각형모양의필름코팅정제,https://nedrug.mfds.go.kr/pbp/cmn/itemImageDownload/151672201851500005,MONOLAIR,CKD10,사각형,주황,-,-,-,8.02,8.02,3.66,20090413,01490,기타의알레르기용약,전문의약품,20081010,필름코팅정,-,-,-,-,-,-,20170629,
200706331,라미아트정100밀리그램(라모트리진),19540008,(주)대웅제약,엷은황갈색의정방형정제,https://nedrug.mfds.go.kr/pbp/cmn/itemImageDownload/152035082651700044,D.W,100,사각형,노랑,-,-,-,9.5,9.5,3.35,20080930,01130,항전간제,전문의약품,20070601,나정,-,-,-,-,-,-,20210707,
200706332,라미아트정25밀리그램(라모트리진),19540008,(주)대웅제약,엷은황갈색의정방형정제,https://nedrug.mfds.go.kr/pbp/cmn/itemImageDownload/154661642891600044,D.W,25,사각형,노랑,-,-,-,6.1,6.1,1.95,20080930,01130,항전간제,전문의약품,20070601,나정,-,-,-,-,-,-,20210707,
200706333,라미아트정50밀리그램(라모트리진),19540008,(주)대웅제약,엷은황갈색의정방형정제,https://nedrug.mfds.go.kr/pbp/cmn/itemImageDownload/154661642891600038,D.W,50,사각형,노랑,-,-,-,7.5,7.5,2.65,20080930,01130,항전간제,전문의약품,20070601,나정,-,-,-,-,-,-,20210707,
200811989,동광몬테루카스트정10밀리그램(몬테루카스트나트륨),19560001,동광제약(주),연한살구색의모서리가둥근정사각형모양의필름코팅정제,https://nedrug.mfds.go.kr/pbp/cmn/itemImageDownload/1N3ivmErso7,마크,10,사각형,분홍,-,-,-,8,8,4.5,20130131,01490,기타의알레르기용약,전문의약품,20081230,필름코팅정,ㄷㄱ|G,-,https://nedrug.mfds.go.kr/pbp/cmn/itemImageDownload/147938650963600169,-,r0247,-,20220418,
200811633,루케마정10밀리그램(몬테루카스트나트륨),19720014,고려제약(주),모서리가둥근사각형모양의베이지색필름코팅정제,https://nedrug.mfds.go.kr/pbp/cmn/itemImageDownload/151732689962500079,MT10KDC,-,사각형,분홍,-,-,-,8,8,3,20111212,01490,기타의알레르기용약,전문의약품,20081216,필름코팅정,-,-,-,-,-,-,20211202,
200810427,애스몬테정10밀리그램(몬테루카스트나트륨),19650002,코오롱제약(주),모서리가둥근정사각형모양의연한갈색필름코팅정제,https://nedrug.mfds.go.kr/pbp/cmn/itemImageDownload/147427955462100159,KLN,SIG,사각형,주황,-,-,-,7.9,7.9,3.85,20111111,01490,기타의알레르기용약,전문의약품,20081014,필름코팅정,-,-,-,-,-,-,20170629,
200811634,몬테정10밀리그램(몬테루카스트나트륨),19680007,(주)서울제약,모서리가둥근사각형모양의베이지색필름코팅정제,https://nedrug.mfds.go.kr/pbp/cmn/itemImageDownload/151732699404600018,M10SPC,-,사각형,주황,-,-,-,8,8,3.7,20120110,01490,기타의알레르기용약,전문의약품,20081216,필름코팅정,-,-,-,-,-,-,20170629,
200810005,몬테루스정10mg(몬테루카스트나트륨),19550010,삼일제약(주),모서리가둥근사각형모양의베이지색필름코팅정제,https://nedrug.mfds.go.kr/pbp/cmn/itemImageDownload/148795085221500021,마크,M10,사각형,주황,-,-,-,8,8,3.7,20111109,01490,기타의알레르기용약,전문의약품,20080930,필름코팅정,siL|5iL,-,https://nedrug.mfds.go.kr/pbp/cmn/itemImageDownload/147938644048800047,-,r0080,-,20170629,
200811736,몬테어정10밀리그램(몬테루카스트나트륨),19600016,(주)유영제약,모서리가둥근사각형모양의베이지색필름코팅정제,https://nedrug.mfds.go.kr/pbp/cmn/itemImageDownload/154298782012500079,MT10,마크,사각형,주황,-,-,-,8.0,8.0,3.8,20110704,01490,기타의알레르기용약,전문의약품,20081219,필름코팅정,-,Y,-,https://nedrug.mfds.go.kr/pbp/cmn/itemImageDownload/147938654295200058,-,r0316,20220328,
200810610,몬테나정10밀리그램(몬테루카스트나트륨),19620001,신풍제약(주),모서리가둥근정사각형모양의연한갈색필름코팅정제,https://nedrug.mfds.go.kr/pbp/cmn/itemImageDownload/1NoOiJmZVGN,마크,MT10,사각형,노랑,-,-,-,8.0,8.0,3.9,20111228,01490,기타의알레르기용약,전문의약품,20081022,필름코팅정,SP|5P|dS|d5,-,https://nedrug.mfds.go.kr/pbp/cmn/itemImageDownload/147938640332900160,-,r0053,-,20170629,
200810855,싱카스트정10mg(몬테루카스트나트륨),19560004,(주)유한양행,모서리가둥근사각형모양의베이지색필름코팅정제,https://nedrug.mfds.go.kr/pbp/cmn/itemImageDownload/147427955462100192,YH,SIO,사각형,주황,-,-,-,8.15,8.12,4.12,20090826,01490,기타의알레르기용약,전문의약품,20081106,필름코팅정,-,-,-,-,-,-,20170629,
200810426,카스몬정10밀리그램(몬테루카스트나트륨),19560005,아주약품(주),모서리가둥근사각형모양의베이지색필름코팅정제,https://nedrug.mfds.go.kr/pbp/cmn/itemImageDownload/147427955462100195,ΛJK,-,사각형,주황,-,-,-,8,8,2,20120120,01490,기타의알레르기용약,전문의약품,20081014,필름코팅정,-,-,-,-,-,-,20210322,
200810006,몬카스트정10mg(몬테루카스트나트륨),19620008,영진약품(주),베이지색의모서리가둥근사각형필름코팅정제,https://nedrug.mfds.go.kr/pbp/cmn/itemImageDownload/148795085221500033,YJP,M10,사각형,주황,-,-,-,7.9,7.9,3.97,20120103,01490,기타의알레르기용약,전문의약품,20080930,필름코팅정,-,-,-,-,-,-,20220524,
200808076,싱귤로드정10밀리그램(몬테루카스트나트륨),19560016,제이더블유신약(주),모서리가둥근사각형모양의베이지색필름코팅정제,https://nedrug.mfds.go.kr/pbp/cmn/itemImageDownload/147427960430900013,SG10,-,사각형,노랑,-,-,-,7.95,7.95,3.85,20120524,01490,기타의알레르기용약,전문의약품,20080723,필름코팅정,-,-,-,-,-,-,20170629,
200811362,몬테레어정10밀리그램(몬테루카스트나트륨),19660002,명문제약(주),모서리가둥근사각형모양의베이지색필름코팅정제,https://nedrug.mfds.go.kr/pbp/cmn/itemImageDownload/146031324603000166,MM,MT10,사각형,노랑,-,-,-,8.09,8.09,4.1,20121002,01490,기타의알레르기용약,전문의약품,20081201,필름코팅정,-,-,-,-,-,-,20170629,
200810611,싱카루스정10밀리그램(몬테루카스트나트륨),20150933,코스맥스바이오(주),모서리가둥근사각형모양의베이지색필름코팅정제,https://nedrug.mfds.go.kr/pbp/cmn/itemImageDownload/147427931156600050,SINGKALUS,KW,사각형,노랑,-,-,-,8.20,8.20,3.70,20110920,01490,기타의알레르기용약,전문의약품,20081022,필름코팅정,-,-,-,-,-,-,-,
200500216,라모진정100밀리그람(라모트리진),19550001,이연제약(주),엷은황갈색의정방형정제,https://nedrug.mfds.go.kr/pbp/cmn/itemImageDownload/151611729131800050,LAMOZINE100,분할선,사각형,노랑,-,-,-,10.5,10.5,3.4,20070928,01130,항전간제,전문의약품,20050331,나정,-,-,-,-,-,-,20220415,
200901633,라모진정50mg(라모트리진),19550001,이연제약(주),엷은황갈색의정방형정제,https://nedrug.mfds.go.kr/pbp/cmn/itemImageDownload/147428133774300010,LMZ50,분할선,사각형,노랑,-,-,-,7,7,2,20090430,01130,항전간제,전문의약품,20090303,나정,-,-,-,-,-,-,20220415,
200201347,카포짓정50/25밀리그람,19600004,(주)한국파마,흰색내지미백색의사각형정제로유황의특이취가있다.,https://nedrug.mfds.go.kr/pbp/cmn/itemImageDownload/147427990414400176,마크,분할선,사각형,하양,-,-,-,8.2,7.2,4.2,20041222,02140,혈압강하제,전문의약품,20020221,나정,kp,-,https://nedrug.mfds.go.kr/pbp/cmn/itemImageDownload/147938654295100062,-,r0278,-,-,
200603856,니코틴엘껌2밀리그램(니코틴),20162142,(주)글락소스미스클라인컨슈머헬스케어코리아,2mg민트향:민트향이있는미백색사각형코팅껌2mg과일향:과일향이있는미백색사각형코팅껌,https://nedrug.mfds.go.kr/pbp/cmn/itemImageDownload/149883724889500002,-,-,사각형,하양,-,-,-,20,12,5,20080414,07990,따로분류되지않고치료를주목적으로하지않는의약품,일반의약품,20060118,껌제,-,-,-,-,-,-,20201021,
200503255,니코스탑트로키(이주석산니코틴이수화물)(수출용),19950019,(주)삼양홀딩스,입안에녹여먹는갈색의사각형트로키제,https://nedrug.mfds.go.kr/pbp/cmn/itemImageDownload/1MaAIzBwRcq,-,-,사각형,갈색,-,-,-,18,18,10,20090827,07990,따로분류되지않고치료를주목적으로하지않는의약품,일반의약품,20051117,트로키제,-,-,-,-,-,-,20200609,
201307486,싱귤다운정10mg(몬테루카스트나트륨),19860001,한국휴텍스제약(주),베이지색의모서리가둥근사각형필름코팅정제,https://nedrug.mfds.go.kr/pbp/cmn/itemImageDownload/147426715423500112,HT,TK,사각형,분홍,-,-,-,8,8,3,20130625,01490,기타의알레르기용약,전문의약품,20130527,필름코팅정,-,-,-,-,-,-,20201208,
200302175,브론케어트로키,19710016,(주)새한제약,이약은입안에서녹여먹는오렌지색트로키제이다.,https://nedrug.mfds.go.kr/pbp/cmn/itemImageDownload/1MaAIzBwRfC,-,-,사각형,주황,-,-,-,19,17,6.9,20080121,02220,진해거담제,일반의약품,20031001,트로키제,-,-,-,-,-,-,-,
200708355,라비시틴정25밀리그램(라모트리진),19690009,한림제약(주),엷은황갈색의장방형정제,https://nedrug.mfds.go.kr/pbp/cmn/itemImageDownload/147809049909500064,LBST,25,사각형,노랑,-,-,-,6.1,6.1,2.1,20070913,01130,항전간제,전문의약품,20070720,나정,-,-,-,-,-,-,20210707,
200403276,노즈콜츄정,19710016,(주)새한제약,녹색의직사각형츄어블정,https://nedrug.mfds.go.kr/pbp/cmn/itemImageDownload/147428326813400057,-,-,사각형,초록,-,-,-,19,17,6.9,20080121,01410,항히스타민제,일반의약품,20040707,추어블정(저작정),-,-,-,-,-,-,-,
201301373,플리즈구강용해필름25밀리그램(실데나필),20040011,(주)씨티씨바이오,파란색또는옅은파란색의직사각형구강용해필름제,https://nedrug.mfds.go.kr/pbp/cmn/itemImageDownload/147426664639200030,-,-,사각형,파랑,-,-,-,25,20,0.1,20130711,02590,기타의비뇨생식기관및항문용약,전문의약품,20130115,정제|미분류,-,-,-,-,-,-,-,
201308222,몬테카스정10밀리그램(몬테루카스트나트륨),19550015,(주)동구바이오제약,베이지색의모서리가둥근사각형필름코팅정제,https://nedrug.mfds.go.kr/pbp/cmn/itemImageDownload/147426736741800066,DC,MT,사각형,분홍,-,-,-,8,8,3.8,20130809,01490,기타의알레르기용약,전문의약품,20130716,필름코팅정,-,-,-,-,-,-,20210709,
200502871,라비시틴정100밀리그램(라모트리진),19690009,한림제약(주),엷은황갈색의장방형정제,https://nedrug.mfds.go.kr/pbp/cmn/itemImageDownload/151499401019900057,LBST100,-,사각형,노랑,-,-,-,9.45,9.45,3.6,20060317,01130,항전간제,전문의약품,20051020,나정,-,-,-,-,-,-,20210707,
200611060,라모티진정100밀리그램(라모트리진),19630001,부광약품(주),엷은황색의모서리가둥근사각형정제,https://nedrug.mfds.go.kr/pbp/cmn/itemImageDownload/152034060348600071,BKLMT,100,사각형,노랑,-,-,-,10,10,3,20080917,01130,항전간제,전문의약품,20061212,나정,-,-,-,-,-,-,20210707,
200502689,쿠울케어트로키,19710016,(주)새한제약,박하맛이나는연두색의사각형트로키제,https://nedrug.mfds.go.kr/pbp/cmn/itemImageDownload/1MaAIzBwRe0,-,-,사각형,연두,-,-,-,19,17,6.9,20080121,02310,치과구강용약,일반의약품,20050705,트로키제,-,-,-,-,-,-,-,
200705098,라비시틴정50밀리그램(라모트리진),19690009,한림제약(주),엷은황갈색의장방형정제,https://nedrug.mfds.go.kr/pbp/cmn/itemImageDownload/147809049909500028,LBST,50,사각형,노랑,-,-,-,4.45,4.45,2.6,20070522,01130,항전간제,전문의약품,20070502,나정,-,-,-,-,-,-,20210707,
200501018,토비콤키드츄어블정(수출용),19580004,안국약품(주),적색(딸기향)|노란색(레몬향)|황색(오렌지향)의네모|하트|클로바모양의씹어먹는정제,https://nedrug.mfds.go.kr/pbp/cmn/itemImageDownload/147428297736600188,T,C,사각형,분홍,-,-,-,11.5,11.5,6.94,20090623,03190,기타의비타민제,일반의약품,20050215,추어블정(저작정),-,-,-,-,-,-,20210527,
200103119,브론코푸트로키,19710016,(주)새한제약,이약은입안에서녹여먹는주홍색의사각형트로키제이다,https://nedrug.mfds.go.kr/pbp/cmn/itemImageDownload/1MaAIzBwRec,-,-,사각형,분홍,-,-,-,19,17,6.9,20080121,02220,진해거담제,일반의약품,20010528,트로키제,-,-,-,-,-,-,-,
200810639,듀락스츄정(센노사이드),19710016,(주)새한제약,진한노란주황색의사각형씹어먹는정제,https://nedrug.mfds.go.kr/pbp/cmn/itemImageDownload/147428307461400158,-,-,사각형,갈색,-,-,-,19,17,6.9,20080121,02380,하제|완장제,일반의약품,20081027,추어블정(저작정),-,-,-,-,-,-,-,
201503283,고든구강용해필름5mg(타다라필)(수출명:CALIBERIorodispersiblefilm5mg),20040011,(주)씨티씨바이오,옅은황색의직사각형구강용해필름,https://nedrug.mfds.go.kr/pbp/cmn/itemImageDownload/147427070775200051,-,-,사각형,주황,-,-,-,20,20,0.06,20150709,02590,기타의비뇨생식기관및항문용약,전문의약품,20150528,구강붕해필름,-,-,-,-,-,-,20210205,
201502756,고든구강용해필름10mg(타다라필)(수출명:CALIBERIorodispersiblefilm10mg),20040011,(주)씨티씨바이오,옅은황색의직사각형구강용해필름,https://nedrug.mfds.go.kr/pbp/cmn/itemImageDownload/147427065184100018,-,-,사각형,주황,-,-,-,25,20,0.1,20150709,02590,기타의비뇨생식기관및항문용약,전문의약품,20150506,구강붕해필름,-,-,-,-,-,-,20210205,
201504229,제대로필구강용해필름10밀리그램(타다라필),19640004,(주)씨엠지제약,흰색의사각형구강용해필름,https://nedrug.mfds.go.kr/pbp/cmn/itemImageDownload/147427093060400002,-,-,사각형,하양,-,-,-,22,18.5,0.06,20150831,02590,기타의비뇨생식기관및항문용약,전문의약품,20150630,구강붕해필름,-,-,-,-,-,-,20210205,
201503591,필크루드구강용해필름1mg(엔테카비르),20040011,(주)씨티씨바이오,옅은노란색의직사각형구강용해필름,https://nedrug.mfds.go.kr/pbp/cmn/itemImageDownload/147427082737900048,-,-,사각형,노랑,-,-,-,37,25,0.7,20150626,03910,간장질환용제,전문의약품,20150604,구강붕해정,-,-,-,-,-,-,20200524,
201503592,필크루드구강용해필름0.5mg(엔테카비르),20040011,(주)씨티씨바이오,옅은노란색의직사각형구강용해필름,https://nedrug.mfds.go.kr/pbp/cmn/itemImageDownload/147427082737900051,-,-,사각형,노랑,-,-,-,25,20,0.7,20150626,03910,간장질환용제,전문의약품,20150604,구강붕해정,-,-,-,-,-,-,20200524,
201501791,싱귤리엔정10밀리그램(몬테루카스트나트륨),19700009,한화제약(주),모서리가둥근사각형모양의베이지색필름코팅정제,https://nedrug.mfds.go.kr/pbp/cmn/itemImageDownload/148829647856400122,HWP,N3,사각형,노랑,-,-,-,8,8,3,20150626,01490,기타의알레르기용약,전문의약품,20150401,필름코팅정,-,-,-,-,-,-,20170629,
201504269,뉴씨그라구강용해필름20mg(타다라필),19860001,한국휴텍스제약(주),흰색의사각형구강용해필름,https://nedrug.mfds.go.kr/pbp/cmn/itemImageDownload/147427093060400083,-,-,사각형,하양,-,-,-,37,22,0.1,20150831,02590,기타의비뇨생식기관및항문용약,전문의약품,20150630,구강붕해정,-,-,-,-,-,-,20210205,
201504059,니코에이껌(니코틴폴라크릴렉스),19560015,신일제약(주),흰색의직사각형껌,https://nedrug.mfds.go.kr/pbp/cmn/itemImageDownload/147427087959900048,-,-,사각형,하양,-,-,-,18,12,6.6,20150831,07990,따로분류되지않고치료를주목적으로하지않는의약품,일반의약품,20150619,껌제,-,-,-,-,-,-,20200624,
201504230,제대로필구강용해필름20밀리그램(타다라필),19640004,(주)씨엠지제약,흰색의사각형구강용해필름,https://nedrug.mfds.go.kr/pbp/cmn/itemImageDownload/147427093060400005,-,-,사각형,하양,-,-,-,37,22,0.06,20150831,02590,기타의비뇨생식기관및항문용약,전문의약품,20150630,구강붕해필름,-,-,-,-,-,-,20210205,
201502266,세니트엔구강용해필름20mg(타다라필),19560001,동광제약(주),황색의직사각형구강용해필름제,https://nedrug.mfds.go.kr/pbp/cmn/itemImageDownload/147427043543100072,-,-,사각형,노랑,-,-,-,36,25,0.092,20150907,02590,기타의비뇨생식기관및항문용약,전문의약품,20150415,구강붕해정,-,-,-,-,-,-,20210205,
201501975,센트립구강용해필름20mg(타다라필),20110276,(주)씨엘팜,황색의직사각형구강용해필름제,https://nedrug.mfds.go.kr/pbp/cmn/itemImageDownload/147427037258800177,-,-,사각형,노랑,-,-,-,36,24,0.1,20150710,02590,기타의비뇨생식기관및항문용약,전문의약품,20150410,구강붕해필름,-,-,-,-,-,-,20210205,
201501976,센트립구강용해필름10mg(타다라필),20110276,(주)씨엘팜,황색의직사각형구강용해필름제,https://nedrug.mfds.go.kr/pbp/cmn/itemImageDownload/147427037258800180,-,-,사각형,노랑,-,-,-,25,19,0.1,20150710,02590,기타의비뇨생식기관및항문용약,전문의약품,20150410,구강붕해정,-,-,-,-,-,-,20210205,
201501977,센트립구강용해필름5mg(타다라필),20110276,(주)씨엘팜,황색의직사각형구강용해필름제,https://nedrug.mfds.go.kr/pbp/cmn/itemImageDownload/147427037258800183,-,-,사각형,노랑,-,-,-,18,12,0.1,20150710,02590,기타의비뇨생식기관및항문용약,전문의약품,20150410,구강붕해정,-,-,-,-,-,-,-,
201206640,그라트릴오디정(그라니세트론염산염),19570021,(주)비씨월드제약,흰색의사각형구강붕해정,https://nedrug.mfds.go.kr/pbp/cmn/itemImageDownload/147426628044100000,G,BC,사각형,하양,-,-,-,6,6,2.5,20150812,02350,최토제|진토제,전문의약품,20120830,구강붕해정,-,-,-,-,-,-,20150325,
201502297,타다포스에프구강용해필름10mg(타다라필),19560004,(주)유한양행,황색의직사각형구강용해필름,https://nedrug.mfds.go.kr/pbp/cmn/itemImageDownload/147427043543100103,-,-,사각형,노랑,-,-,-,24,19,0.091,20150820,02590,기타의비뇨생식기관및항문용약,전문의약품,20150415,구강붕해정,-,-,-,-,-,-,-,
201502298,타다포스에프구강용해필름20mg(타다라필),19560004,(주)유한양행,황색의직사각형구강용해필름,https://nedrug.mfds.go.kr/pbp/cmn/itemImageDownload/147427043543100106,-,-,사각형,노랑,-,-,-,36,25,0.092,20150820,02590,기타의비뇨생식기관및항문용약,전문의약품,20150415,구강붕해정,-,-,-,-,-,-,-,
201502265,세니트엔구강용해필름10mg(타다라필),19560001,동광제약(주),황색의직사각형구강용해필름제,https://nedrug.mfds.go.kr/pbp/cmn/itemImageDownload/147427043543100069,-,-,사각형,노랑,-,-,-,24,19,0.091,20150824,02590,기타의비뇨생식기관및항문용약,전문의약품,20150415,구강붕해정,-,-,-,-,-,-,20210205,
201504521,예스그라구강용해필름20밀리그램(타다라필),19560008,(주)메디카코리아,흰색의사각형구강용해필름,https://nedrug.mfds.go.kr/pbp/cmn/itemImageDownload/147427093060400174,-,-,사각형,하양,-,-,-,37,22,0.06,20150825,02590,기타의비뇨생식기관및항문용약,전문의약품,20150703,구강붕해필름,-,-,-,-,-,-,-,
201502273,자이리스구강붕해필름20mg(타다라필),19550015,(주)동구바이오제약,황색의직사각형구강붕해필름,https://nedrug.mfds.go.kr/pbp/cmn/itemImageDownload/147427043543100088,-,-,사각형,노랑,-,-,-,35,25,0.01,20150901,02590,기타의비뇨생식기관및항문용약,전문의약품,20150415,구강붕해정,-,-,-,-,-,-,20210205,
201503278,타다롱구강용해필름5밀리그램(타다라필),19920004,광동제약(주),노란색의직사각형구강용해필름,https://nedrug.mfds.go.kr/pbp/cmn/itemImageDownload/147427070775200036,-,-,사각형,노랑,-,-,-,24,18,0.1,20150820,02590,기타의비뇨생식기관및항문용약,전문의약품,20150528,구강붕해필름,-,-,-,-,-,-,-,
201503276,타다롱구강용해필름20밀리그램(타다라필),19920004,광동제약(주),노란색의직사각형구강용해필름,https://nedrug.mfds.go.kr/pbp/cmn/itemImageDownload/147427070775200030,-,-,사각형,노랑,-,-,-,41,27,0.1,20150820,02590,기타의비뇨생식기관및항문용약,전문의약품,20150528,구강붕해필름,-,-,-,-,-,-,20210205,
201503277,타다롱구강용해필름10밀리그램(타다라필),19920004,광동제약(주),노란색의직사각형구강용해필름,https://nedrug.mfds.go.kr/pbp/cmn/itemImageDownload/147427070775200033,-,-,사각형,노랑,-,-,-,32,25,0.1,20150820,02590,기타의비뇨생식기관및항문용약,전문의약품,20150528,구강붕해필름,-,-,-,-,-,-,20210205,
201400901,이디포스에프구강붕해필름50밀리그램(실데나필시트르산염),19560004,(주)유한양행,엷은황색의직사각형구강붕해필름,https://nedrug.mfds.go.kr/pbp/cmn/itemImageDownload/147426841854900055,-,-,사각형,노랑,-,-,-,36,27,0.1,20150116,02590,기타의비뇨생식기관및항문용약,전문의약품,20140227,구강붕해정,-,-,-,-,-,-,-,
201405105,몬테퀄츄정5밀리그램(몬테루카스트나트륨),20161799,(주)한독테바,분홍색의씹어먹는정사각형정제,https://nedrug.mfds.go.kr/pbp/cmn/itemImageDownload/150108368273200016,93,7425,사각형,분홍,-,-,-,8,8,4.5,20141203,01490,기타의알레르기용약,전문의약품,20141031,추어블정(저작정),-,-,-,-,-,-,-,
201309277,플리즈구강용해필름100밀리그램(실데나필),20040011,(주)씨티씨바이오,파란색또는옅은파란색의직사각형구강용해필름제,https://nedrug.mfds.go.kr/pbp/cmn/itemImageDownload/147426782731800040,-,-,사각형,파랑,-,-,-,40,30,1.5,20140328,02590,기타의비뇨생식기관및항문용약,전문의약품,20130911,구강붕해필름,-,-,-,-,-,-,20210518,
201401078,고든구강용해필름20mg(타다라필)(수출명:CALIBERI),20040011,(주)씨티씨바이오,옅은황색의직사각형구강용해필름,https://nedrug.mfds.go.kr/pbp/cmn/itemImageDownload/1Mxwka5v0oJ,-,-,사각형,노랑,-,-,-,37,27,1,20140328,02590,기타의비뇨생식기관및항문용약,전문의약품,20140310,구강붕해필름,-,-,-,-,-,-,20210205,
200811361,몬테큐정10mg(몬테루카스트나트륨),19570010,삼천당제약(주),모서리가둥근사각형모양의베이지색필름코팅정제,https://nedrug.mfds.go.kr/pbp/cmn/itemImageDownload/147427955462100138,SCDMQ,-,사각형,분홍,-,-,-,8,8,4,20141125,01490,기타의알레르기용약,전문의약품,20081201,필름코팅정,-,-,-,-,-,-,20170629,
201501925,몬테스코정10mg(몬테루카스트나트륨),20134449,(주)오스코리아제약,모서리가둥근사각형모양의베이지색필름코팅정제,https://nedrug.mfds.go.kr/pbp/cmn/itemImageDownload/148794218042700149,ΛUK,M1,사각형,주황,-,-,-,8,8,2.9,20150623,01490,기타의알레르기용약,전문의약품,20150409,필름코팅정,-,-,-,-,-,-,20170629,
201308207,아네르츄정100밀리그램(실데나필시트르산염),19910001,한국유나이티드제약(주),흰색의볼록하며모서리가둥근사각형의츄어블정,https://nedrug.mfds.go.kr/pbp/cmn/itemImageDownload/147426736741800056,SF분할선100,UT,사각형,하양,-,-,-,13.1,13.1,3.6,20131029,02590,기타의비뇨생식기관및항문용약,전문의약품,20130716,추어블정(저작정),-,-,-,-,-,-,20170909,
201308208,아네르츄정50밀리그램(실데나필시트르산염),19910001,한국유나이티드제약(주),흰색의볼록하며모서리가둥근사각형의츄어블정,https://nedrug.mfds.go.kr/pbp/cmn/itemImageDownload/147426736741800060,SF분할선50,UT,사각형,하양,-,-,-,10.25,10.25,3,20131029,02590,기타의비뇨생식기관및항문용약,전문의약품,20130716,추어블정(저작정),-,-,-,-,-,-,20170909,
201302827,몬트레어정10밀리그램(몬테루카스트나트륨),19910001,한국유나이티드제약(주),연한노란색의모서리가둥근사각형모양필름코팅정,https://nedrug.mfds.go.kr/pbp/cmn/itemImageDownload/147426670449700072,MT,UT,사각형,분홍,-,-,-,8,8,3.65,20131029,01490,기타의알레르기용약,전문의약품,20130130,필름코팅정,-,-,-,-,-,-,20170629,
201405087,알도셉트구강붕해필름5밀리그램(도네페질염산염),19920004,광동제약(주),연한분홍색의직사각형구강붕해필름,https://nedrug.mfds.go.kr/pbp/cmn/itemImageDownload/147426959368900092,-,-,사각형,분홍,-,-,-,31,22,0.1,20150406,01190,기타의중추신경용약,전문의약품,20141031,구강붕해필름,-,-,-,-,-,-,-,
201405086,알도셉트구강붕해필름10밀리그램(도네페질염산염),19920004,광동제약(주),연한노란색의직사각형구강붕해필름,https://nedrug.mfds.go.kr/pbp/cmn/itemImageDownload/147426959368900089,-,-,사각형,노랑,-,-,-,35,25,0.1,20150406,01190,기타의중추신경용약,전문의약품,20141031,구강붕해필름,-,-,-,-,-,-,-,
201309457,자이그라구강붕해필름50mg(실데나필시트르산염),19550015,(주)동구바이오제약,엷은황색의직사각형구강붕해필름,https://nedrug.mfds.go.kr/pbp/cmn/itemImageDownload/147426784712300090,-,-,사각형,노랑,-,-,-,36,27,0.12,20150518,02590,기타의비뇨생식기관및항문용약,전문의약품,20130927,구강붕해정,-,-,-,-,-,-,20181129,
201500850,불티움구강붕해필름5밀리그램(타다라필),19680007,(주)서울제약,직사각형의노란색구강붕해필름,https://nedrug.mfds.go.kr/pbp/cmn/itemImageDownload/147427000324100131,-,-,사각형,노랑,-,-,-,22,20,0.11,20150518,02590,기타의비뇨생식기관및항문용약,전문의약품,20150216,구강붕해정,-,-,-,-,-,-,-,
200902796,볼리브리스정5밀리그램(암브리센탄),20161652,(주)글락소스미스클라인,연한분홍색의볼록한정사각형정제,https://nedrug.mfds.go.kr/pbp/cmn/itemImageDownload/147426416757400041,GS,K2C,사각형,분홍,-,-,-,6.5,6.5,2.6,20150413,02140,혈압강하제,전문의약품,20090420,나정,-,-,-,-,-,-,20210201,
201106769,함소아황련엑스정,20060252,(주)함소아제약,황갈색의정제,https://nedrug.mfds.go.kr/pbp/cmn/itemImageDownload/147426570506500038,黃連,HAMSOA,사각형,갈색,-,-,-,16,16,5.2,20130911,07190,기타의조제용약,일반의약품,20110920,나정,-,-,-,-,-,-,-,
200810868,몬테락정10밀리그램(몬테루카스트나트륨),19540008,(주)대웅제약,연한살구색의모서리가둥근정사각형모양의필름코팅정,https://nedrug.mfds.go.kr/pbp/cmn/itemImageDownload/151637641940500030,D.W10,MTL,사각형,분홍,-,-,-,7.8,7.8,3.75,20150102,01490,기타의알레르기용약,전문의약품,20081107,필름코팅정,-,-,-,-,-,-,20170629,
201400537,프리스틱서방정50밀리그램(데스벤라팍신숙신산염일수화물),20160560,한국화이자제약(주),엷은분홍색의한면이피라미드형인정사각형서방성필름코팅정,https://nedrug.mfds.go.kr/pbp/cmn/itemImageDownload/147426837868200048,W50,-,사각형,분홍,-,-,-,11,9,4.75,20140423,01170,정신신경용제,전문의약품,20140206,서방성필름코팅정,-,-,-,-,-,-,20220414,
201400538,프리스틱서방정100밀리그램(데스벤라팍신숙신산염일수화물),20160560,한국화이자제약(주),주홍색의한면이피라미드형인정사각형서방성필름코팅정,https://nedrug.mfds.go.kr/pbp/cmn/itemImageDownload/147426837868200060,W100,-,사각형,분홍,-,-,-,11,9,4.8,20140423,01170,정신신경용제,전문의약품,20140206,서방성필름코팅정,-,-,-,-,-,-,20220414,
201503594,바라크로스구강용해필름0.5밀리그램(엔테카비르일수화물),19540008,(주)대웅제약,옅은노란색의직사각형구강용해필름,https://nedrug.mfds.go.kr/pbp/cmn/itemImageDownload/147427082737900058,-,-,사각형,노랑,-,-,-,25,20,0.1,20150722,03910,간장질환용제,전문의약품,20150604,구강붕해정,-,-,-,-,-,-,20200524,
201503593,바라크로스구강용해필름1밀리그램(엔테카비르일수화물),19540008,(주)대웅제약,옅은노란색의직사각형구강용해필름,https://nedrug.mfds.go.kr/pbp/cmn/itemImageDownload/147427082737900054,-,-,사각형,노랑,-,-,-,37,27,0.1,20150722,03910,간장질환용제,전문의약품,20150604,구강붕해정,-,-,-,-,-,-,20200524,
201405164,불티움구강붕해필름20밀리그램(타다라필),19680007,(주)서울제약,직사각형의노란색구강붕해필름,https://nedrug.mfds.go.kr/pbp/cmn/itemImageDownload/147426964205900037,-,-,사각형,노랑,-,-,-,32,27,0.11,20150213,02590,기타의비뇨생식기관및항문용약,전문의약품,20141105,구강붕해정,-,-,-,-,-,-,20210205,
201405620,불티움구강붕해필름10밀리그램(타다라필),19680007,(주)서울제약,직사각형의노란색구강붕해필름,https://nedrug.mfds.go.kr/pbp/cmn/itemImageDownload/147426973872300128,-,-,사각형,주황,-,-,-,22,20,0.1,20150312,02590,기타의비뇨생식기관및항문용약,전문의약품,20141128,구강붕해정,-,-,-,-,-,-,20210205,
201405369,뉴페질구강붕해필름5mg(도네페질염산염),20110276,(주)씨엘팜,연한분홍색의직사각형구강붕해필름,https://nedrug.mfds.go.kr/pbp/cmn/itemImageDownload/147426964205900167,-,-,사각형,분홍,-,-,-,31,22,0.63,20150320,01190,기타의중추신경용약,전문의약품,20141118,구강붕해정,-,-,-,-,-,-,20190509,
201405368,뉴페질구강붕해필름10mg(도네페질염산염),20110276,(주)씨엘팜,연한노란색의직사각형구강붕해필름,https://nedrug.mfds.go.kr/pbp/cmn/itemImageDownload/147426964205900164,-,-,사각형,노랑,-,-,-,33,24,0.104,20150320,01190,기타의중추신경용약,전문의약품,20141118,구강붕해정,-,-,-,-,-,-,20190509,
201310407,아트페질구강붕해필름10밀리그램(도네페질염산염일수화물),19680007,(주)서울제약,직사각형의황색내지미황색의구강붕해필름,https://nedrug.mfds.go.kr/pbp/cmn/itemImageDownload/152242078467000124,-,-,사각형,노랑,-,-,-,32,22,0.165,20140318,01190,기타의중추신경용약,전문의약품,20131129,구강붕해정,-,-,-,-,-,-,20190509,
201504302,설레구강용해필름20밀리그램(타다라필),19610006,대화제약(주),흰색의사각형구강용해필름,https://nedrug.mfds.go.kr/pbp/cmn/itemImageDownload/147427093060400104,-,-,사각형,하양,-,-,-,37,22,0.1,20150826,02590,기타의비뇨생식기관및항문용약,전문의약품,20150630,구강붕해필름,-,-,-,-,-,-,20210205,
201504301,설레구강용해필름10밀리그램(타다라필),19610006,대화제약(주),흰색의사각형구강용해필름,https://nedrug.mfds.go.kr/pbp/cmn/itemImageDownload/147427093060400098,-,-,사각형,하양,-,-,-,22,18.5,0.1,20150826,02590,기타의비뇨생식기관및항문용약,전문의약품,20150630,구강붕해필름,-,-,-,-,-,-,20210205,
201502239,센돔구강용해필름20밀리그램(타다라필),19650001,(주)종근당,황색의직사각형구강용해필름,https://nedrug.mfds.go.kr/pbp/cmn/itemImageDownload/147427043543100052,-,-,사각형,노랑,-,-,-,36,25,0.092,20150708,02590,기타의비뇨생식기관및항문용약,전문의약품,20150415,구강붕해정,-,-,-,-,-,-,20210205,
201502238,센돔구강용해필름10밀리그램(타다라필),19650001,(주)종근당,황색의직사각형구강용해필름,https://nedrug.mfds.go.kr/pbp/cmn/itemImageDownload/147427043543100049,-,-,사각형,노랑,-,-,-,24,19,0.091,20150708,02590,기타의비뇨생식기관및항문용약,전문의약품,20150415,구강붕해정,-,-,-,-,-,-,20210205,
201405467,알러몬트정10mg(몬테루카스트나트륨),19640018,구주제약(주),모서리가둥근사각형모양의베이지색필름코팅정제,https://nedrug.mfds.go.kr/pbp/cmn/itemImageDownload/147426969102600082,AM10GJ,-,사각형,분홍,-,-,-,8,8,4,20150205,01490,기타의알레르기용약,전문의약품,20141124,필름코팅정,-,-,-,-,-,-,20211220,
201206436,비닉스구강붕해필름50밀리그램(실데나필시트르산염),20110276,(주)씨엘팜,(내수용|수출용1):엷은황색의직사각형구강붕해필름(수출용2):엷은청색의직사각형구강붕해필름(수출용3):엷은황색의직사각형구강붕해필름,https://nedrug.mfds.go.kr/pbp/cmn/itemImageDownload/150194760309000093,-,-,사각형,노랑,-,-,-,36,27,0.12,20140521,02590,기타의비뇨생식기관및항문용약,전문의약품,20120810,구강붕해정,-,-,-,-,-,-,20180504,
201504205,몬테신정10밀리그램(몬테루카스트나트륨),19700002,진양제약(주),모서리가둥근사각형모양의베이지색필름코팅정제,https://nedrug.mfds.go.kr/pbp/cmn/itemImageDownload/147427087959900190,JY,M10,사각형,주황,-,-,-,8,8,3.8,20150904,01490,기타의알레르기용약,전문의약품,20150629,필름코팅정,-,-,-,-,-,-,20170629,
201403224,루이카정10밀리그램(몬테루카스트나트륨),20121686,(주)화이트생명과학,모서리가둥근사각형모양의베이지색필름코팅정,https://nedrug.mfds.go.kr/pbp/cmn/itemImageDownload/147426889104800027,마크,M10,사각형,주황,-,-,-,8,8,3.68,20141031,01490,기타의알레르기용약,전문의약품,20140718,필름코팅정,小|!!!,-,https://nedrug.mfds.go.kr/pbp/cmn/itemImageDownload/147938665320000140,-,r0510,-,20170629,
201603686,모네카정10mg(몬테루카스트나트륨),19600015,위더스제약(주),모서리가둥근사각형모양의베이지색필름코팅정제,https://nedrug.mfds.go.kr/pbp/cmn/itemImageDownload/147290486340700194,마크,10M,사각형,노랑,-,-,-,8.08,8.08,3.83,20160831,01490,기타의알레르기용약,전문의약품,20160621,필름코팅정,W|m|3|ω|ε,-,https://nedrug.mfds.go.kr/pbp/cmn/itemImageDownload/147938650963600181,-,r0251,-,20170629,
201601772,디레어정10밀리그램(몬테루카스트나트륨),19660001,현대약품(주),모서리가둥근사각형모양의베이지색필름코팅정,https://nedrug.mfds.go.kr/pbp/cmn/itemImageDownload/147446554816100004,HDPMT,-,사각형,분홍,-,-,-,8.16,8.16,4.05,20160909,01490,기타의알레르기용약,전문의약품,20160404,필름코팅정,-,-,-,-,-,-,20170629,
201508159,싱귤라정10밀리그램(몬테루카스트나트륨),19620007,알리코제약(주),모서리가둥근사각형모양의베이지색필름코팅정제,https://nedrug.mfds.go.kr/pbp/cmn/itemImageDownload/147427173043400136,MT10AC,-,사각형,노랑,-,-,-,8,8,3,20160307,01490,기타의알레르기용약,전문의약품,20151126,필름코팅정,-,-,-,-,-,-,20211208,
201504124,몬테라정10밀리그램(몬테루카스트나트륨),19710005,(주)셀트리온제약,베이지색의모서리가둥근사각형필름코팅정,https://nedrug.mfds.go.kr/pbp/cmn/itemImageDownload/148674126111200020,CL,M1,사각형,분홍,-,-,-,8,8,3.7,20160530,01490,기타의알레르기용약,전문의약품,20150624,필름코팅정,-,-,-,-,-,-,20170629,
201600779,보나링츄어블정,19570013,일양약품(주),연한주황색의모서리가둥근정사각형모양의씹어먹는정제,https://nedrug.mfds.go.kr/pbp/cmn/itemImageDownload/147427188404700087,마크,분할선,사각형,주황,-,-,-,14.8,12.8,4.9,20160421,02350,최토제|진토제,일반의약품,20160211,추어블정(저작정),자동차|차|모자,-,https://nedrug.mfds.go.kr/pbp/cmn/itemImageDownload/147938669511100030,-,r0540,-,-,
201603738,비보존몬테루카스트정10mg(몬테루카스트나트륨),19570012,(주)비보존제약,모서리가둥근사각형모양의베이지색필름코팅정,https://nedrug.mfds.go.kr/pbp/cmn/itemImageDownload/1NVEnjhkQ9A,I∩I,M10,사각형,주황,-,-,-,8.06,8.06,3.69,20160906,01490,기타의알레르기용약,전문의약품,20160622,필름코팅정,-,-,-,-,-,-,20210201,
201603343,몬테포스정10mg(몬테루카스트나트륨),20090756,일양바이오팜(주),모서리가둥근사각형모양의베이지색필름코팅정제,https://nedrug.mfds.go.kr/pbp/cmn/itemImageDownload/148682304213600177,마크,M10,사각형,주황,-,-,-,8.17,8.17,3.7,20170208,01490,기타의알레르기용약,전문의약품,20160610,필름코팅정,IB|1B,-,https://nedrug.mfds.go.kr/pbp/cmn/itemImageDownload/147938661567700052,-,r0412,-,20170629,
201603997,뉴몬테카트정10밀리그램(몬테루카스트나트륨),20162134,안국뉴팜(주),모서리가둥근사각형모양의베이지색필름코팅정제,https://nedrug.mfds.go.kr/pbp/cmn/itemImageDownload/148219699954300001,AN10,-,사각형,분홍,-,-,-,7.9,7.9,3.8,20161214,01490,기타의알레르기용약,전문의약품,20160627,필름코팅정,-,-,-,-,-,-,20170629,
201601511,몬테로정10밀리그램(몬테루카스트나트륨),19580012,하나제약(주),모서리가둥근사각형모양의베이지색필름코팅정제,https://nedrug.mfds.go.kr/pbp/cmn/itemImageDownload/1N-vZRnyplg,HN,M,사각형,노랑,-,-,-,8.02,8.02,3.72,20170131,01490,기타의알레르기용약,전문의약품,20160315,필름코팅정,-,-,-,-,-,-,20220224,
201604676,푸링세미정(펜디메트라진타르타르산염),20152203,알보젠코리아(주),흰색의사각형정제,https://nedrug.mfds.go.kr/pbp/cmn/itemImageDownload/148362363212600175,F분할선R,S,사각형,하양,-,-,-,6.12,6.12,2.65,20161228,01230,자율신경제,전문의약품,20160728,나정,-,-,-,-,-,-,-,
200901637,라모진정25mg(라모트리진),19550001,이연제약(주),엷은황갈색의정방형정제,https://nedrug.mfds.go.kr/pbp/cmn/itemImageDownload/149723251538600071,LMZ25,분할선,사각형,노랑,-,-,-,6.05,6.05,2.15,20170428,01130,항전간제,전문의약품,20090303,나정,-,-,-,-,-,-,20220415,
201603659,엘루카정10밀리그램(몬테루카스트나트륨),19570021,(주)비씨월드제약,모서리가둥근사각형모양의베이지색필름코팅정제,https://nedrug.mfds.go.kr/pbp/cmn/itemImageDownload/147759769438500022,L1BC,-,사각형,분홍,-,-,-,7.98,7.98,3.77,20161010,01490,기타의알레르기용약,전문의약품,20160621,필름코팅정,-,-,-,-,-,-,-,
201701116,데스코비정200/10mg,20161508,길리어드사이언스코리아(유),한면에“GSI”|다른한면에“210”이새겨진회색의직사각형필름코팅정이다.,https://nedrug.mfds.go.kr/pbp/cmn/itemImageDownload/149581320241300074,GSI,210,사각형,회색,-,-,-,12.69,6.51,4.41,20170524,06290,기타의화학요법제,전문의약품,20170228,필름코팅정,-,-,-,-,-,-,20220530,
201701115,데스코비정200/25mg,20161508,길리어드사이언스코리아(유),한면에“GSI”|다른한면에“225”가새겨진파란색의직사각형필름코팅정이다.,https://nedrug.mfds.go.kr/pbp/cmn/itemImageDownload/149581320241300080,GSI,225,사각형,파랑,-,-,-,12.69,6.51,4.41,20170524,06290,기타의화학요법제,전문의약품,20170228,필름코팅정,-,-,-,-,-,-,20220530,
201600840,테라카스정10mg(몬테루카스트나트륨),19850002,(주)테라젠이텍스,모서리가둥근사각형모양의베이지색필름코팅정제,https://nedrug.mfds.go.kr/pbp/cmn/itemImageDownload/151014787578600145,ETX,R3,사각형,주황,-,-,-,8.04,8.04,3.75,20171102,01490,기타의알레르기용약,전문의약품,20160215,필름코팅정,-,-,-,-,-,-,20171023,
201702073,몬테스탈정10밀리그램(몬테루카스트나트륨),20020020,크리스탈생명과학(주),모서리가둥근사각형모양의베이지색필름코팅정제,https://nedrug.mfds.go.kr/pbp/cmn/itemImageDownload/149917757734900119,마크,M10,사각형,주황,-,-,-,8.07,8.07,3.71,20170629,01490,기타의알레르기용약,전문의약품,20170424,필름코팅정,CG,-,https://nedrug.mfds.go.kr/pbp/cmn/itemImageDownload/147938669511100057,-,r0549,-,20170629,
201500962,몬텔라정10밀리그램(몬테루카스트나트륨),19590001,에이프로젠제약(주),모서리가둥근사각형모양의베이지색필름코팅정제,https://nedrug.mfds.go.kr/pbp/cmn/itemImageDownload/154116102474900058,KS,10,사각형,주황,-,-,-,8.1,8.1,3.7,20181030,01490,기타의알레르기용약,전문의약품,20150225,필름코팅정,-,-,-,-,-,-,20180508,
201707944,몬테루크정10mg(몬테루카스트나트륨),19900018,한국코러스(주),베이지색의모서리가둥근사각형필름코팅정제,https://nedrug.mfds.go.kr/pbp/cmn/itemImageDownload/151973917096900033,M10,HK,사각형,분홍,-,-,-,8.07,8.07,3.47,20180223,01490,기타의알레르기용약,전문의약품,20171117,필름코팅정,-,-,-,-,-,-,-,
200810424,메디루카정10밀리그램(몬테루카스트나트륨),19580003,알보젠코리아(주),모서리가둥근사각형모양의베이지색필름코팅정제,https://nedrug.mfds.go.kr/pbp/cmn/itemImageDownload/151395721256200055,M10,ΛLK,사각형,노랑,-,-,-,8,8,3.77,20171221,01490,기타의알레르기용약,전문의약품,20081014,필름코팅정,-,-,-,-,-,-,20171220,
201701960,레어스트정10밀리그램(몬테루카스트나트륨),20050014,(주)휴비스트제약,모서리가둥근사각형모양의베이지색필름코팅정제,https://nedrug.mfds.go.kr/pbp/cmn/itemImageDownload/152769488643000003,마크,M10,사각형,주황,-,-,-,8.07,8.07,3.71,20170802,01490,기타의알레르기용약,전문의약품,20170418,필름코팅정,HU|1-U|I-U|∩-I|∩-1,-,https://nedrug.mfds.go.kr/pbp/cmn/itemImageDownload/147938665320000170,-,r0520,-,20170629,
201706208,몬테젠정10mg(몬테루카스트나트륨),19580009,(주)뉴젠팜,베이지색의모서리가둥근사각형필름코팅정,https://nedrug.mfds.go.kr/pbp/cmn/itemImageDownload/151032841143300023,NGP,M10,사각형,분홍,-,-,-,8,8,3.5,20171108,01490,기타의알레르기용약,전문의약품,20170728,필름코팅정,-,-,-,-,-,-,-,
200810425,큐로스트정10밀리그램(몬테루카스트나트륨),19580004,안국약품(주),베이지색의양면이볼록한모서리가둥근사각형모양의필름코팅정제,https://nedrug.mfds.go.kr/pbp/cmn/itemImageDownload/151031535074400120,MT10,-,사각형,분홍,-,-,-,8,8,3.7,20171107,01490,기타의알레르기용약,전문의약품,20081014,필름코팅정,-,-,-,-,-,-,20170816,
201903382,유니몬스트정10밀리그램(몬테루카스트나트륨),19560010,한국유니온제약(주),모서리가둥근사각형모양의베이지색필름코팅정제,https://nedrug.mfds.go.kr/pbp/cmn/itemImageDownload/1N0_7a4VsuZ,UK,U10,사각형,노랑,-,-,-,8,8,3.5,20200206,01490,기타의알레르기용약,전문의약품,20190524,필름코팅정,-,-,-,-,-,-,-,
201501422,몬카루스정10밀리그램(몬테루카스트나트륨),19610006,대화제약(주),모서리가둥근사각형모양의베이지색필름코팅정제,https://nedrug.mfds.go.kr/pbp/cmn/itemImageDownload/1N7vefXrkFK,마크,M10,사각형,주황,-,-,-,8.1,8.1,3.6,20200507,01490,기타의알레르기용약,전문의약품,20150318,필름코팅정,dHP|dP|d-P|cHP,-,https://nedrug.mfds.go.kr/pbp/cmn/itemImageDownload/147938657883200180,-,r0388,-,20170629,
201903262,몬카정10밀리그램(몬테루카스트나트륨),19700003,일성신약(주),베이지색의모서리가둥근사각형필름코팅정제,https://nedrug.mfds.go.kr/pbp/cmn/itemImageDownload/1M-s0nmgvA1,MC,마크,사각형,분홍,-,-,-,8,8,3.6,20191004,01490,기타의알레르기용약,전문의약품,20190521,필름코팅정,-,111|III|三|≡|삼,-,https://nedrug.mfds.go.kr/pbp/cmn/itemImageDownload/147938661567700130,-,r0440,-,
201504326,휴글레어정(몬테루카스트나트륨),19870002,(주)휴온스,모서리가둥근정사각형모양의연한갈색필름코팅정제,https://nedrug.mfds.go.kr/pbp/cmn/itemImageDownload/1MzSGdZk4Ec,마크,M10,사각형,주황,-,-,-,8,8,3.7,20191217,01490,기타의알레르기용약,전문의약품,20150701,필름코팅정,hu|ny,-,https://nedrug.mfds.go.kr/pbp/cmn/itemImageDownload/147938669511100060,-,r0550,-,20171026,
202002460,프리넥사서방정100밀리그램(데스벤라팍신벤조산염),19690009,한림제약(주),주홍색의정사각형서방성필름코팅정,https://nedrug.mfds.go.kr/pbp/cmn/itemImageDownload/1NAT_bwbZl5,HLI,-,사각형,주황,-,-,-,9.2,9.2,4.9,20200604,01170,정신신경용제,전문의약품,20200407,필름코팅정,-,-,-,-,-,-,20210310,
202002459,프리넥사서방정50밀리그램(데스벤라팍신벤조산염),19690009,한림제약(주),엷은분홍색의정사각형서방성필름코팅정,https://nedrug.mfds.go.kr/pbp/cmn/itemImageDownload/1NAT_bwbZlu,HL5,-,사각형,분홍,-,-,-,7.7,7.7,3.6,20200604,01170,정신신경용제,전문의약품,20200407,필름코팅정,-,-,-,-,-,-,20210310,
202002456,데스베라서방정100밀리그램(데스벤라팍신벤조산염),19960030,(주)넥스팜코리아,주홍색의정사각형서방성필름코팅정,https://nedrug.mfds.go.kr/pbp/cmn/itemImageDownload/1N925qYaIAX,NKI,-,사각형,주황,-,-,-,9.2,9.2,4.9,20200518,01170,정신신경용제,전문의약품,20200407,서방성필름코팅정,-,-,-,-,-,-,20210310,
202002455,데스베라서방정50밀리그램(데스벤라팍신벤조산염),19960030,(주)넥스팜코리아,엷은분홍색의정사각형서방성필름코팅정,https://nedrug.mfds.go.kr/pbp/cmn/itemImageDownload/1N925qYaIBZ,NK5,-,사각형,분홍,-,-,-,7.7,7.7,3.6,20200518,-,-,전문의약품,20200407,서방성필름코팅정,-,-,-,-,-,-,20210310,
202002453,데팍신서방정50밀리그램(데스벤라팍신),19570014,환인제약(주),엷은분홍색의한면이피라미드형인정사각형서방성필름코팅정,https://nedrug.mfds.go.kr/pbp/cmn/itemImageDownload/1N925qYaIEi,D50,-,사각형,분홍,-,-,-,7.2,7.2,3.8,20200518,01170,정신신경용제,전문의약품,20200407,필름코팅정,-,-,-,-,-,-,20210416,
202002454,데팍신서방정100밀리그램(데스벤라팍신),19570014,환인제약(주),주홍색의한면이피라미드형인정사각형서방성필름코팅정,https://nedrug.mfds.go.kr/pbp/cmn/itemImageDownload/1N925qYaIFI,D100,-,사각형,주황,-,-,-,9.2,9.2,4.7,20200518,01170,정신신경용제,전문의약품,20200407,필름코팅정,-,-,-,-,-,-,20210416,
201006215,아스루카정10mg(몬테루카스트나트륨),19880005,(주)보령,베이지색의모서리가둥근사각형필름코팅정제,https://nedrug.mfds.go.kr/pbp/cmn/itemImageDownload/1N9-UdVMRZf,BRMTK,-,사각형,분홍,-,-,-,8.1,8.1,3.7,20200528,01490,기타의알레르기용약,전문의약품,20101018,필름코팅정,-,-,-,-,-,-,20220614,
202002271,아모디핀정2.5밀리그램(암로디핀캄실산염),19570027,한미약품(주),이약은흰색의사각형정제이다.,https://nedrug.mfds.go.kr/pbp/cmn/itemImageDownload/1N7lFt9NAhd,AM2.5,분할선,사각형,하양,-,-,-,5.6,5.6,2.9,20200428,02140,혈압강하제,전문의약품,20200331,나정,-,-,-,-,-,-,20211019,
202002457,에스벤서방정50밀리그램(데스벤라팍신벤조산염),19690005,명인제약(주),엷은분홍색의정사각형서방성필름코팅정,https://nedrug.mfds.go.kr/pbp/cmn/itemImageDownload/1N9-UdVMRpM,MI1,-,사각형,분홍,-,-,-,7.7,7.7,3.6,20200528,01170,정신신경용제,전문의약품,20200407,필름코팅정,-,-,-,-,-,-,20210310,
202002458,에스벤서방정100밀리그램(데스벤라팍신벤조산염),19690005,명인제약(주),주홍색의정사각형서방성필름코팅정,https://nedrug.mfds.go.kr/pbp/cmn/itemImageDownload/1N9-UdVMRpq,MI2,-,사각형,분홍,-,-,-,9.2,9.2,4.9,20200528,01170,정신신경용제,전문의약품,20200407,필름코팅정,-,-,-,-,-,-,20210310,
201906502,라이트몬테카스트정10mg(몬테루카스트나트륨),20163305,(주)라이트팜텍,베이지색의모서리가둥근사각형필름코팅정제,https://nedrug.mfds.go.kr/pbp/cmn/itemImageDownload/1NOwp2F6KoI,KCJ,E3,사각형,분홍,-,-,-,8.1,8.1,3.5,20200911,01490,기타의알레르기용약,전문의약품,20190918,필름코팅정,-,-,-,-,-,-,20220520,
201906148,몬테콜정10밀리그램(몬테루카스트나트륨),19620003,(유)한풍제약,베이지색의모서리가둥근사각형필름코팅정제,https://nedrug.mfds.go.kr/pbp/cmn/itemImageDownload/1NOwp2F6FJy,GH,M10,사각형,분홍,-,-,-,8.1,8.1,3.6,20200918,01490,기타의알레르기용약,전문의약품,20190829,필름코팅정,-,-,-,-,-,-,-,
201902287,몬텔루정10밀리그램(몬테루카스트나트륨),19550008,정우신약(주),모서리가둥근사각형모양의베이지색필름코팅정제,https://nedrug.mfds.go.kr/pbp/cmn/itemImageDownload/1NhP6cNjUM3,LL,ML,사각형,주황,-,-,-,8.1,8.1,3.6,20200408,01490,기타의알레르기용약,전문의약품,20190415,필름코팅정,-,-,-,-,-,-,20200219,
201501501,모노루카정10mg(몬테루카스트나트륨),19550014,(주)제뉴파마,베이지색의모서리가둥근사각형필름코팅정제,https://nedrug.mfds.go.kr/pbp/cmn/itemImageDownload/1NW8BJ049QE,KMPMTK,-,사각형,분홍,-,-,-,8.1,8.1,3.6,20210302,01490,기타의알레르기용약,전문의약품,20150323,필름코팅정,-,-,-,-,-,-,20170629,
201901654,몬테원정10mg(몬테루카스트나트륨),19670009,(주)보령바이오파마,베이지색의모서리가둥근사각형필름코팅정제,https://nedrug.mfds.go.kr/pbp/cmn/itemImageDownload/1NOwp2F64MU,MTK,10,사각형,분홍,-,-,-,8.0,8.0,3.5,20201008,01490,기타의알레르기용약,전문의약품,20190319,필름코팅정,-,-,-,-,-,-,-,
201206540,몬테펙트정10밀리그램(몬테루카스트나트륨),19570014,환인제약(주),베이지색의모서리가둥근사각형필름코팅정제,https://nedrug.mfds.go.kr/pbp/cmn/itemImageDownload/1Np7Ycc71eP,WIM10,-,사각형,분홍,-,-,-,8.2,8.2,3.7,20211019,01490,기타의알레르기용약,전문의약품,20120822,필름코팅정,-,-,-,-,-,-,20170629,
201904728,몬텐정10밀리그램(몬테루카스트나트륨),2021003442,건일바이오팜주식회사,베이지색의모서리가둥근사각형필름코팅정제,https://nedrug.mfds.go.kr/pbp/cmn/itemImageDownload/1O597tTUF6L,KIBMT10,-,사각형,분홍,-,-,-,8.2,8.2,3.6,20211129,01490,기타의알레르기용약,전문의약품,20190712,필름코팅정,-,-,-,-,-,-,-,
201604410,대웅몬테루카스트정10밀리그램(몬테루카스트나트륨),19830008,대웅바이오(주),베이지색의모서리가둥근사각형필름코팅정,https://nedrug.mfds.go.kr/pbp/cmn/itemImageDownload/1NoOiJmZU-R,DWBM10,-,사각형,분홍,-,-,-,8.1,8.1,3.7,20211015,01490,기타의알레르기용약,전문의약품,20160718,필름코팅정,-,-,-,-,-,-,20180223,
201208517,몬테뉴정10밀리그램(몬테루카스트나트륨),19590006,오스틴제약(주),베이지색의모서리가둥근사각형필름코팅정제,https://nedrug.mfds.go.kr/pbp/cmn/itemImageDownload/1NpHokfzOav,WKM10,-,사각형,분홍,-,-,-,8.1,8.1,3.7,20211029,01490,기타의알레르기용약,전문의약품,20121121,필름코팅정,-,-,-,-,-,-,20170629,
201210187,루카스트정10밀리그램(몬테루카스트나트륨),19670002,(주)팜젠사이언스,베이지색의모서리가둥근사각형필름코팅정제,https://nedrug.mfds.go.kr/pbp/cmn/itemImageDownload/1NaZ0VkgbOo,SD10,-,사각형,분홍,-,-,-,8.1,8.1,3.7,20210427,01490,기타의알레르기용약,전문의약품,20121220,필름코팅정,-,-,-,-,-,-,20170629,
201904764,몬테리엔정10밀리그램(몬테루카스트나트륨),19550001,이연제약(주),베이지색의모서리가둥근사각형필름코팅정제,https://nedrug.mfds.go.kr/pbp/cmn/itemImageDownload/1O2wzPVLAVh,RYM10,-,사각형,분홍,-,-,-,8.1,8.1,3.7,20220510,01490,기타의알레르기용약,전문의약품,20190716,필름코팅정,-,-,-,-,-,-,20220518,
201907403,몬카르정10밀리그램(몬테루카스트나트륨),19960030,(주)넥스팜코리아,베이지색의모서리가둥근사각형필름코팅정제,https://nedrug.mfds.go.kr/pbp/cmn/itemImageDownload/1O0bxj5Fjxj,NK,-,사각형,분홍,-,-,-,8.1,8.1,3.7,20220413,01490,기타의알레르기용약,전문의약품,20191022,필름코팅정,-,-,-,-,-,-,-,
201603864,몬테카정(몬테루카스트나트륨),20020010,성원애드콕제약(주),베이지색의모서리가둥근사각형필름코팅정제,https://nedrug.mfds.go.kr/pbp/cmn/itemImageDownload/1O2wzPVLAWX,SWMTK,-,사각형,분홍,-,-,-,8.1,8.1,3.6,20220512,01490,기타의알레르기용약,전문의약품,20160624,필름코팅정,-,-,-,-,-,-,20170629,
201507845,리메셉트구강용해필름4.56mg(도네페질),20040011,(주)씨티씨바이오,분홍색또는옅은분홍색의직사각형구강용해필름제,https://nedrug.mfds.go.kr/pbp/cmn/itemImageDownload/1Nk2K_pikXX,-,-,사각형,분홍,-,-,-,25.0,20.0,0.1,20210825,01190,기타의중추신경용약,전문의약품,20151124,구강붕해필름,-,-,-,-,-,-,20190724,
201507844,리메셉트구강용해필름9.12mg(도네페질),20040011,(주)씨티씨바이오,분홍색또는옅은분홍색의직사각형구강용해필름제,https://nedrug.mfds.go.kr/pbp/cmn/itemImageDownload/1Nk2K_pikXt,-,-,사각형,분홍,-,-,-,37.0,27.0,0.1,20210825,01190,기타의중추신경용약,전문의약품,20151124,구강붕해필름,-,-,-,-,-,-,20190724,
201600439,듀레신구강용해필름0.2mg(데스모프레신아세트산염),20040011,(주)씨티씨바이오,분홍색또는옅은분홍색의직사각형구강용해필름제,https://nedrug.mfds.go.kr/pbp/cmn/itemImageDownload/1Nk2K_pikYD,-,-,사각형,분홍,-,-,-,37.0,27.0,0.1,20210825,02410,뇌하수체호르몬제,전문의약품,20160125,구강붕해필름,-,-,-,-,-,-,-,
201602779,듀레신구강용해필름0.1mg(데스모프레신아세트산염),20040011,(주)씨티씨바이오,분홍색또는옅은분홍색의직사각형구강용해필름제,https://nedrug.mfds.go.kr/pbp/cmn/itemImageDownload/1Nk2K_pikYZ,-,-,사각형,분홍,-,-,-,25.0,20.0,0.1,20210825,02410,뇌하수체호르몬제,전문의약품,20160519,구강붕해필름,-,-,-,-,-,-,-,
201603861,싱규루카정10mg(몬테루카스트나트륨),19580008,대원제약(주),베이지색의모서리가둥근사각형필름코팅정제,https://nedrug.mfds.go.kr/pbp/cmn/itemImageDownload/1Nk2K_pikcX,-,LK1,사각형,분홍,-,-,-,8.2,8.2,3.8,20210826,01490,기타의알레르기용약,전문의약품,20160624,필름코팅정,-,-,-,-,-,-,20220520,
201705792,몬테로스정10mg(몬테루카스트나트륨),20040011,(주)씨티씨바이오,베이지색의모서리가둥근사각형필름코팅정제,https://nedrug.mfds.go.kr/pbp/cmn/itemImageDownload/1NeFqpW1gYW,TB,-,사각형,분홍,분홍,-,-,8.1,8.1,3.7,20210609,01490,기타의알레르기용약,전문의약품,20170720,필름코팅정,-,-,-,-,-,-,20220511,
201903033,몬테롤정10밀리그램(몬테루카스트나트륨),19720011,에이치엘비제약(주),베이지색의모서리가둥근사각형필름코팅정제,https://nedrug.mfds.go.kr/pbp/cmn/itemImageDownload/1NW8BJ049Ry,CTM10,-,사각형,노랑,-,-,-,8.1,8.1,3.6,20210304,01490,기타의알레르기용약,전문의약품,20190510,필름코팅정,-,-,-,-,-,-,-,
201906375,몬테엠정10mg(몬테루카스트나트륨),19550012,(주)마더스제약,베이지색의모서리가둥근사각형필름코팅정제,https://nedrug.mfds.go.kr/pbp/cmn/itemImageDownload/1O1hVd7OtZc,MTS10,-,사각형,분홍,-,-,-,8.1,8.1,3.7,20220428,01490,기타의알레르기용약,전문의약품,20190909,필름코팅정,-,-,-,-,-,-,-,
201906411,케이레어정10mg(몬테루카스트나트륨),20191087,주식회사케이에스제약,베이지색의모서리가둥근사각형필름코팅정제,https://nedrug.mfds.go.kr/pbp/cmn/itemImageDownload/1NhETqzLMi_,KTM,-,사각형,분홍,-,-,-,8.2,8.2,3.8,20210716,01490,기타의알레르기용약,전문의약품,20190911,필름코팅정,-,-,-,-,-,-,-,
201603176,몬테스트정10mg(몬테루카스트나트륨),19940044,대한뉴팜(주),베이지색의모서리가둥근사각형필름코팅정제,https://nedrug.mfds.go.kr/pbp/cmn/itemImageDownload/1O6liAhLUkt,DNMT,-,사각형,분홍,-,-,-,8.1,8.1,3.7,20220620,01490,기타의알레르기용약,전문의약품,20160602,필름코팅정,-,-,-,-,-,-,20220520,
201701548,건일몬테루카스트정10밀리그램(몬테루카스트나트륨),19580001,건일제약(주),베이지색의모서리가둥근사각형필름코팅정제,https://nedrug.mfds.go.kr/pbp/cmn/itemImageDownload/1O1hVd7OteO,KIM10,-,사각형,분홍,-,-,-,8.1,8.1,3.7,20220427,01490,기타의알레르기용약,전문의약품,20170331,필름코팅정,-,-,-,-,-,-,20220517,
201800067,몬텔정10mg(몬테루카스트나트륨),19870008,(주)경보제약,모서리가둥근사각형모양의베이지색필름코팅정제,https://nedrug.mfds.go.kr/pbp/cmn/itemImageDownload/1Nkd205G5QJ,KBPMTK,-,사각형,분홍,-,-,-,8.1,8.1,3.7,20210902,01490,기타의알레르기용약,전문의약품,20180105,필름코팅정,-,-,-,-,-,-,-,
201310065,몬테린정10밀리그램(몬테루카스트나트륨),19560011,삼진제약(주),베이지색의모서리가둥근사각형필름코팅정제,https://nedrug.mfds.go.kr/pbp/cmn/itemImageDownload/1N_XtSvWVNy,SJ117,-,사각형,분홍,-,-,-,8.1,8.1,3.7,20220225,01490,기타의알레르기용약,전문의약품,20131107,필름코팅정,-,-,-,-,-,-,20170629,
201903094,삼성몬테루카스트정10밀리그램(몬테루카스트나트륨),19540005,삼성제약(주),베이지색의모서리가둥근사각형필름코팅정제,https://nedrug.mfds.go.kr/pbp/cmn/itemImageDownload/1NvwvvpE2Mf,SSMTK,-,사각형,분홍,-,-,-,8.1,8.1,3.7,20211230,01490,기타의알레르기용약,전문의약품,20190513,필름코팅정,-,-,-,-,-,-,-,
201211055,아스케어정10밀리그램(몬테루카스트나트륨),19570004,(주)바이넥스,베이지색의모서리가둥근사각형필름코팅정제,https://nedrug.mfds.go.kr/pbp/cmn/itemImageDownload/1Nj036Ro5M8,BI10,-,사각형,분홍,-,-,-,8.2,8.2,3.8,20210811,01490,기타의알레르기용약,전문의약품,20121227,필름코팅정,-,-,-,-,-,-,20170629,
201603058,루키오정10밀리그램(몬테루카스트나트륨),19640001,에이치케이이노엔(주),베이지색의모서리가둥근사각형필름코팅정제,https://nedrug.mfds.go.kr/pbp/cmn/itemImageDownload/1NgBQQRiuXU,INO10,-,사각형,분홍,-,-,-,8.1,8.1,3.7,20210707,01490,기타의알레르기용약,전문의약품,20160530,필름코팅정,-,-,-,-,-,-,20220623,
201907133,이큘레어정10밀리그램(몬테루카스트나트륨),20141181,(주)이든파마,베이지색의모서리가둥근사각형필름코팅정제,https://nedrug.mfds.go.kr/pbp/cmn/itemImageDownload/1Nhu2gdg0i1,ENKMTK,-,사각형,분홍,-,-,-,8.2,8.2,3.8,20210730,01490,기타의알레르기용약,전문의약품,20191008,필름코팅정,-,-,-,-,-,-,-,
201908064,싱클레어정10밀리그램(몬테루카스트나트륨),20182522,주식회사더유제약,베이지색의모서리가둥근사각형필름코팅정제,https://nedrug.mfds.go.kr/pbp/cmn/itemImageDownload/1NlqFJEgBVt,TUPMTK,-,사각형,분홍,-,-,-,8.2,8.2,3.8,20210913,01490,기타의알레르기용약,전문의약품,20191125,필름코팅정,-,-,-,-,-,-,-,
202200501,데팍신서방정25밀리그램(데스벤라팍신),19570014,환인제약(주),흰색의정사각형의서방성필름코팅정,https://nedrug.mfds.go.kr/pbp/cmn/itemImageDownload/1O43E2UCmyf,D25,-,사각형,하양,-,-,-,7.2,7.2,3.9,20220527,01170,정신신경용제,전문의약품,20220128,서방성필름코팅정,-,-,-,-,-,-,20220609,
201906828,아루카정10밀리그램(몬테루카스트나트륨),20171724,(주)아리제약,베이지색의모서리가둥근사각형필름코팅정제,https://nedrug.mfds.go.kr/pbp/cmn/itemImageDownload/1Nx4Buwxs-5,A23,-,사각형,분홍,-,-,-,8.1,8.1,3.6,20220124,01490,기타의알레르기용약,전문의약품,20190925,필름코팅정,-,-,-,-,-,-,20210521,
201210240,몬테루정10밀리그램(몬테루카스트나트륨),19950015,한국프라임제약(주),베이지색의모서리가둥근사각형필름코팅정제,https://nedrug.mfds.go.kr/pbp/cmn/itemImageDownload/1O597tTUFTS,KPPM10,-,사각형,분홍,-,-,-,8.1,8.1,3.7,20211206,01490,기타의알레르기용약,전문의약품,20121221,필름코팅정,-,-,-,-,-,-,20220502,
201602780,데소닉스구강용해필름0.1밀리그램(데스모프레신아세트산염),19550004,제이더블유중외제약(주),분홍색또는옅은분홍색의직사각형구강용해필름제,https://nedrug.mfds.go.kr/pbp/cmn/itemImageDownload/1NlqFJEgBLI,-,-,사각형,분홍,-,-,-,25.0,22.0,-,20210917,02410,뇌하수체호르몬제,전문의약품,20160519,구강붕해필름,-,-,-,-,-,-,-,
201600440,데소닉스구강용해필름0.2밀리그램(데스모프레신아세트산염),19550004,제이더블유중외제약(주),분홍색또는옅은분홍색의직사각형구강용해필름제,https://nedrug.mfds.go.kr/pbp/cmn/itemImageDownload/1NlqFJEgBLe,-,-,사각형,분홍,-,-,-,37.0,28.0,-,20210917,02410,뇌하수체호르몬제,전문의약품,20160125,구강붕해필름,-,-,-,-,-,-,20200615,
201802666,몬테스타정10mg(몬테루카스트나트륨),20060026,아이큐어(주),베이지색의모서리가둥근사각형필름코팅정제,https://nedrug.mfds.go.kr/pbp/cmn/itemImageDownload/1NrCxVBml7H,ICMST,-,사각형,분홍,-,-,-,8.1,8.1,3.7,20211118,01490,기타의알레르기용약,전문의약품,20180627,필름코팅정,-,-,-,-,-,-,-,
201905432,몬테시움정10밀리그램(몬테루카스트나트륨),19760002,경동제약(주),베이지색의모서리가둥근사각형필름코팅정제,https://nedrug.mfds.go.kr/pbp/cmn/itemImageDownload/1NnQrQQIffx,MU10,-,사각형,분홍,-,-,-,8.1,8.1,3.7,20211005,01490,기타의알레르기용약,전문의약품,20190731,필름코팅정,-,-,-,-,-,-,-,
